DGP,Method,Theta,Bias_Mean,Bias_Std,Tau_Mean,Tau_Std,Tau_Var,CI_Length_Mean,Spurious_Corr_Mult_Mean,Spurious_Corr_Linear_Mean,MSE,MAE,Power,Coverage,Centered_Coverage,RMSE
PLR,BadControl_DoubleML,0.0,-0.00174239227949053,0.022681290933161753,0.9982576077205094,0.022681290933161822,0.0005144409583947286,0.08765726890719013,0.0,0.0,0.0005169624482919596,0.018301675002620116,1.0,0.953,0.952,0.022736808225693413
PLR,BadControl_DoubleML,0.2,-0.06826894924757239,0.024615096211013692,0.9317310507524276,0.024615096211013678,0.0006059029614774599,0.09520142103819294,0.0,0.0,0.005265946489883598,0.06833851789903574,1.0,0.215,0.952,0.07256684153167753
PLR,BadControl_DoubleML,0.4,-0.15214773346963267,0.02904946912780841,0.8478522665303673,0.029049469127808408,0.0008438716566074937,0.11000876709481051,0.0,0.0,0.02399196058489727,0.15214773346963267,1.0,0.0,0.947,0.15489338457434929
PLR,BadControl_DoubleML,0.6,-0.20256367095576203,0.03271757888009927,0.7974363290442379,0.03271757888009926,0.0010704399677755171,0.12243065792089651,0.0,0.0,0.04210141031888198,0.20256367095576205,1.0,0.0,0.94,0.20518628199487896
PLR,BadControl_DoubleML,0.8,-0.2329434172832462,0.035300671077944566,0.7670565827167538,0.035300671077944566,0.0012461373785532322,0.13139968710036629,0.0,0.0,0.05550752689677125,0.2329434172832462,1.0,0.0,0.939,0.23560035419491893
PLR,BadControl_DoubleML,1.0,-0.2518975361918833,0.037067798742688576,0.7481024638081167,0.037067798742688556,0.0013740217036284632,0.13777529807503086,0.0,0.0,0.06482501642146601,0.2518975361918833,1.0,0.0,0.937,0.25460757337806356
PLR,BadControl_EconML,0.0,-0.0014064563138548583,0.023553509934472402,0.9985935436861452,0.023553509934472423,0.0005547678302332911,0.3212050226515399,0.006022706517976763,0.0,0.0005561911817658396,0.01889957746744555,1.0,1.0,1.0,0.023583705853106283
PLR,BadControl_EconML,0.2,-0.07318870344155803,0.025323572100602598,0.9268112965584419,0.025323572100602616,0.0006412833039344192,0.36212847569115875,0.6078334838859744,0.0,0.005997228332086812,0.07321674326422187,1.0,1.0,1.0,0.07744177381805516
PLR,BadControl_EconML,0.4,-0.1794062539779774,0.029589072291211032,0.8205937460220225,0.029589072291211025,0.000875513199054512,0.44371494776473275,0.3702633365281638,0.0,0.033061241652265996,0.17940625397797744,1.0,0.915,1.0,0.18182750521377672
PLR,BadControl_EconML,0.6,-0.2686448180822617,0.03363254915761415,0.7313551819177383,0.03363254915761414,0.0011311483628393315,0.5234745256129095,0.19790244272538254,0.0,0.07330005549692799,0.2686448180822617,1.0,0.426,1.0,0.27073982990488854
PLR,BadControl_EconML,0.8,-0.33890606912514587,0.03716593912924471,0.6610939308748542,0.03716593912924474,0.0013813070313587255,0.5911724287907498,0.11219806988479984,0.0,0.11623724941418549,0.33890606912514587,1.0,0.13,1.0,0.34093584354565226
PLR,BadControl_EconML,1.0,-0.392267881243012,0.04031114719842403,0.6077321187569881,0.04031114719842403,0.0016249885884530096,0.6460886548962694,0.07039885096681417,0.0,0.15549745425474634,0.39226788124301204,1.0,0.048,1.0,0.3943316551517851
PLR,BadControl_OLS,0.0,-0.0004063017358908317,0.021853423956618614,0.9995936982641092,0.02185342395661867,0.00047757213862771483,0.08822949283849636,0.0,0.0,0.0004772596475896733,0.017710911118013567,1.0,0.958,0.957,0.021846273082374332
PLR,BadControl_OLS,0.2,-0.0028305187590480243,0.022184225410987184,0.997169481240952,0.02218422541098726,0.0004921398570854928,0.0890081869439826,0.0,0.0,0.0004996595536737275,0.017999162269168714,1.0,0.953,0.959,0.022353065867431417
PLR,BadControl_OLS,0.4,-0.005206186158002086,0.022477168984565397,0.9947938138419979,0.02247716898456543,0.0005052231255607101,0.09005889804401791,0.0,0.0,0.0005318222767469209,0.018490541660438668,1.0,0.952,0.961,0.023061272227414532
PLR,BadControl_OLS,0.6,-0.006260978425192951,0.02260993231580806,0.993739021574807,0.022609932315808105,0.0005112090393254237,0.09061656881675348,0.0,0.0,0.0005498976811268284,0.018786244097865397,1.0,0.948,0.958,0.023449897251946083
PLR,BadControl_OLS,0.8,-0.00675030941806734,0.022668012228909885,0.9932496905819327,0.022668012228909927,0.0005138387784100099,0.09089350106076732,0.0,0.0,0.0005588916168712476,0.018933281630918956,1.0,0.95,0.957,0.023640888665006812
PLR,BadControl_OLS,1.0,-0.007007001204776815,0.022695648275420737,0.9929929987952232,0.022695648275420775,0.0005150924506416101,0.09104295977624235,0.0,0.0,0.0005636754240747102,0.01901494355329717,1.0,0.949,0.957,0.023741849634658
PLR,LinearCollider_DoubleML,0.0,-0.001659844992423378,0.022712075507895252,0.9983401550075767,0.022712075507895276,0.0005158383738763365,0.08765605146844327,0.0,0.0,0.0005180776209013331,0.018357179606789835,1.0,0.954,0.949,0.02276131852290928
PLR,LinearCollider_DoubleML,0.2,-0.00937528219487156,0.022741044134175385,0.9906247178051284,0.022741044134175416,0.000517155088312514,0.08850679450411214,0.0,0.0,0.000604533849457676,0.019898245024542502,1.0,0.93,0.957,0.024587270069238592
PLR,LinearCollider_DoubleML,0.4,-0.03577597056437061,0.02327375782886996,0.9642240294356295,0.02327375782887,0.0005416678034768876,0.09113172420251552,0.0,0.0,0.0018210462054961208,0.03717298398844328,1.0,0.643,0.963,0.04267371797132423
PLR,LinearCollider_DoubleML,0.6,-0.08037625277628947,0.02436265082183495,0.9196237472237104,0.02436265082183497,0.0005935387550666561,0.09512433880635217,0.0,0.0,0.0070532872266695695,0.08037855632551918,1.0,0.095,0.956,0.08398385098737476
PLR,LinearCollider_DoubleML,0.8,-0.14156230462277053,0.025209674822517188,0.8584376953772294,0.025209674822517195,0.0006355277046570574,0.10003144983613493,0.0,0.0,0.020674778267062488,0.14156230462277056,1.0,0.0,0.963,0.14378726740244593
PLR,LinearCollider_DoubleML,1.0,-0.2159047632859468,0.026574654886875916,0.7840952367140531,0.026574654886875913,0.0007062122823565577,0.10540674404829245,0.0,0.0,0.047320372879634934,0.21590476328594682,1.0,0.0,0.957,0.21753246396718567
PLR,LinearCollider_EconML,0.0,-0.0013800465119969173,0.02333451902412813,0.998619953488003,0.023334519024128128,0.0005444997780873975,0.3210237646291177,0.0,0.0,0.0005458598066845858,0.018773576377247993,1.0,1.0,1.0,0.023363642838491298
PLR,LinearCollider_EconML,0.2,-0.008699854333001352,0.023445119947662508,0.9913001456669986,0.023445119947662546,0.0005496736493602842,0.32395839193262216,0.0,0.0,0.0006248114411263649,0.020053816617334682,1.0,1.0,1.0,0.024996228538048792
PLR,LinearCollider_EconML,0.4,-0.034335871759975115,0.02417562631611863,0.9656641282400249,0.02417562631611864,0.0005844609077766081,0.3335149615876864,0.0,0.0,0.0017628285363862869,0.03608469132436327,1.0,1.0,1.0,0.041986051688463
PLR,LinearCollider_EconML,0.6,-0.07847945817582727,0.025141012023075917,0.9215205418241728,0.025141012023075907,0.0006320704855444473,0.3485563653057354,0.0,0.0,0.006790463770630325,0.07849595129865646,1.0,1.0,1.0,0.08240427034219966
PLR,LinearCollider_EconML,0.8,-0.13944510702830104,0.026368376252652637,0.860554892971699,0.02636837625265263,0.0006952912662014552,0.3670092439094996,0.0,0.0,0.02013953384906959,0.13944510702830104,1.0,0.951,1.0,0.14191382543314654
PLR,LinearCollider_EconML,1.0,-0.21322223876653154,0.027696533915283494,0.7867777612334683,0.027696533915283556,0.0007670979909204523,0.38653117848589574,0.0,0.0,0.04623005399754133,0.21322223876653157,1.0,0.255,1.0,0.21501175316140586
PLR,LinearCollider_OLS,0.0,-0.00041200458210632733,0.021819872240773107,0.9995879954178937,0.02181987224077315,0.00047610682460366265,0.08823301984962614,0.0,0.0,0.00047580046555473443,0.017668143330815112,1.0,0.959,0.959,0.021812850926798504
PLR,LinearCollider_OLS,0.2,-0.009861642904251573,0.021957407456646306,0.9901383570957485,0.021957407456646334,0.00048212774221718794,0.08917722991643416,0.0,0.0,0.000578897615245945,0.019575394447424243,1.0,0.944,0.96,0.02406029125438728
PLR,LinearCollider_OLS,0.4,-0.03800456016736617,0.022519918201828994,0.9619954398326338,0.022519918201828987,0.0005071467158170685,0.09189993191310186,0.0,0.0,0.0019509861626162055,0.03894243100879194,1.0,0.615,0.964,0.044169969013077265
PLR,LinearCollider_OLS,0.6,-0.08366944294726827,0.023415706896204598,0.9163305570527317,0.0234157068962046,0.0005482953294489637,0.09601792295740082,0.0,0.0,0.007548322717225695,0.08366944294726827,1.0,0.066,0.97,0.08688108377101252
PLR,LinearCollider_OLS,0.8,-0.14503384656807872,0.02452674293303335,0.8549661534319213,0.024526742933033304,0.0006015611189030991,0.10103254792275293,0.0,0.0,0.0216357762081172,0.14503384656807872,1.0,0.0,0.971,0.14709104734183245
PLR,LinearCollider_OLS,1.0,-0.21979793849987986,0.025737751455042233,0.7802020615001202,0.025737751455042222,0.000662431849961528,0.1064483817677343,0.0,0.0,0.04897290318690854,0.21979793849987986,1.0,0.0,0.974,0.2212982222859202
PLR,Naive_DoubleML,0.0,-0.0016051599188898612,0.022632605857826428,0.9983948400811101,0.022632605857826466,0.0005122348479157209,0.08760908385479545,0.0,0.0,0.0005142991514330141,0.018249717743905734,1.0,0.949,0.95,0.022678164639869207
PLR,Naive_EconML,0.0,-0.001336250681551117,0.023307901749797452,0.9986637493184489,0.023307901749797494,0.000543258283978213,0.32320687611884513,0.0,0.0,0.0005445005915781793,0.018731175544512084,1.0,1.0,1.0,0.023334536455181177
PLR,Naive_OLS,0.0,-0.000402033041145463,0.02183182672475368,0.9995979669588545,0.021831826724753683,0.00047662865813966906,0.08818263221328947,0.0,0.0,0.0004763136600477027,0.01767918350482811,1.0,0.958,0.958,0.021824611337838362
TreeFriendly,BadControl_DoubleML,0.0,0.0015248428530283058,0.023026326604374106,1.0015248428530283,0.02302632660437412,0.0005302117168913074,0.0876982981783537,0.0,0.0,0.000532006650900848,0.018413459345831072,1.0,0.934,0.938,0.023065269365451772
TreeFriendly,BadControl_DoubleML,0.2,0.0016122496668894669,0.023117376677015616,1.0016122496668896,0.02311737667701563,0.0005344131044270261,0.0878005589128179,0.0,0.0,0.0005364780403109849,0.01851136417270087,1.0,0.938,0.937,0.02316199560294805
TreeFriendly,BadControl_DoubleML,0.4,0.0014530026928048676,0.023328105799729326,1.0014530026928048,0.023328105799729368,0.000544200520203367,0.08820282425364942,0.0,0.0,0.0005457675365084607,0.018651773750212305,1.0,0.932,0.933,0.023361668102009767
TreeFriendly,BadControl_DoubleML,0.6,0.0012040301126867929,0.023452597869799495,1.0012040301126868,0.02345259786979957,0.0005500243468425274,0.08844536236536434,0.0,0.0,0.0005509240110079384,0.018733346976552344,1.0,0.931,0.934,0.02347177051285093
TreeFriendly,BadControl_DoubleML,0.8,0.0009341625687459824,0.02349828906022024,1.000934162568746,0.023498289060220265,0.0005521695887576673,0.08857461709149884,0.0,0.0,0.0005524900788737554,0.018780052998166055,1.0,0.931,0.932,0.02350510750610929
TreeFriendly,BadControl_DoubleML,1.0,0.0008272154846514088,0.02347498672280206,1.0008272154846514,0.02347498672280209,0.0005510750016357343,0.08864219479040246,0.0,0.0,0.0005512082120921453,0.018716169792279153,1.0,0.934,0.933,0.023477823836381116
TreeFriendly,BadControl_EconML,0.0,0.0014515843458483527,0.023226516745257986,1.0014515843458482,0.02322651674525799,0.0005394710801177498,0.29746279934350706,-0.004538752490892409,0.0,0.0005410387061507452,0.0185857681536014,1.0,1.0,1.0,0.02326023873804276
TreeFriendly,BadControl_EconML,0.2,-0.02461007081024939,0.024196522269792072,0.9753899291897505,0.024196522269792076,0.0005854716899525438,0.3232645737489332,0.8800113358468976,0.0,0.0011905418035480788,0.028265289674109104,1.0,1.0,1.0,0.034504228777761124
TreeFriendly,BadControl_EconML,0.4,-0.09321506414936906,0.02534836879737657,0.9067849358506309,0.025348368797376567,0.0006425398006878139,0.35424039678030717,0.9178392415578794,0.0,0.009330945445258114,0.09321506414936905,1.0,0.999,1.0,0.09659681902246116
TreeFriendly,BadControl_EconML,0.6,-0.15595138619680435,0.026604769088466443,0.8440486138031956,0.026604769088466464,0.0007078137382506206,0.3739635390561797,0.8856553319532116,0.0,0.025027940781217197,0.15595138619680438,1.0,0.858,1.0,0.15820221484295724
TreeFriendly,BadControl_EconML,0.8,-0.20554130790148387,0.027062936191221038,0.794458692098516,0.027062936191221045,0.0007324025152901019,0.3850257974507926,0.8420348430572577,0.0,0.04297889936662741,0.2055413079014839,1.0,0.353,1.0,0.2073135291451752
TreeFriendly,BadControl_EconML,1.0,-0.2428224339251882,0.02708881219311991,0.7571775660748118,0.027088812193119895,0.0007338037460341211,0.3889095342923669,0.8021749608792599,0.0,0.05969580435964049,0.2428224339251882,1.0,0.046,1.0,0.24432724850012225
TreeFriendly,BadControl_OLS,0.0,0.0019485262706042514,0.02275683347264081,1.0019485262706043,0.022756833472640826,0.000517873469701506,0.08833750860914205,0.0,0.0,0.0005211523508590395,0.018230077912702657,1.0,0.94,0.94,0.022828761483248264
TreeFriendly,BadControl_OLS,0.2,0.0018612152386644778,0.02277033642811691,1.0018612152386646,0.022770336428116968,0.0005184882210496305,0.08835404197095781,0.0,0.0,0.0005214338549932162,0.01823264347781951,1.0,0.939,0.939,0.022834926209497945
TreeFriendly,BadControl_OLS,0.4,0.0016896481519209242,0.02279356147498002,1.0016896481519209,0.022793561474980063,0.0005195464447136953,0.08841083115279674,0.0,0.0,0.0005218818091462704,0.018233046398314752,1.0,0.94,0.941,0.022844732634598075
TreeFriendly,BadControl_OLS,0.6,0.0015383691259477804,0.02281663893418753,1.0015383691259478,0.022816638934187547,0.000520599012253083,0.08848462709485751,0.0,0.0,0.0005224449928084987,0.01823407729505256,1.0,0.942,0.94,0.02285705564609096
TreeFriendly,BadControl_OLS,0.8,0.0014322490239733645,0.02283439752580106,1.0014322490239733,0.022834397525801152,0.0005214097103663138,0.08854946850228167,0.0,0.0,0.0005229396379226171,0.01823979113327457,1.0,0.942,0.94,0.022867873489299723
TreeFriendly,BadControl_OLS,1.0,0.0013618164577698746,0.02284678377473988,1.00136181645777,0.022846783774739914,0.000521975528849719,0.08859843997897003,0.0,0.0,0.0005233080973855212,0.018245428935391522,1.0,0.942,0.941,0.022875928339316006
TreeFriendly,LinearCollider_DoubleML,0.0,0.0015355879877216338,0.023010086060178302,1.0015355879877217,0.023010086060178372,0.000529464060496815,0.08770685629627681,0.0,0.0,0.0005312926269043511,0.018387932897481928,1.0,0.936,0.936,0.023049785832071217
TreeFriendly,LinearCollider_DoubleML,0.2,-0.006279056682229225,0.023284650814727473,0.9937209433177707,0.023284650814727494,0.0005421749635637897,0.08848277426496516,0.0,0.0,0.0005810593414188722,0.019210258051911386,1.0,0.933,0.94,0.024105172503404163
TreeFriendly,LinearCollider_DoubleML,0.4,-0.029496221310631277,0.02373603263738554,0.9705037786893687,0.023736032637385572,0.0005633992453630331,0.09071056359213285,0.0,0.0,0.0014328629177234075,0.03202306238600182,1.0,0.752,0.944,0.03785317579442189
TreeFriendly,LinearCollider_DoubleML,0.6,-0.06532445195971187,0.02437268823976952,0.9346755480402881,0.02437268823976953,0.0005940279320329999,0.09396397118596174,0.0,0.0,0.00486071792793767,0.06532996068691428,1.0,0.222,0.943,0.06971884915815571
TreeFriendly,LinearCollider_DoubleML,0.8,-0.11014733455282423,0.025076701503965067,0.8898526654471757,0.02507670150396508,0.0006288409583189646,0.09778933236081785,0.0,0.0,0.012760647426452434,0.11014733455282424,1.0,0.008,0.944,0.1129630356641164
TreeFriendly,LinearCollider_DoubleML,1.0,-0.16029190933192014,0.02572136358439505,0.8397080906680798,0.025721363584395036,0.0006615885446406431,0.10193221344323053,0.0,0.0,0.026354423153368514,0.16029190933192014,1.0,0.0,0.953,0.16234045445719472
TreeFriendly,LinearCollider_EconML,0.0,0.001486431716805583,0.023292974245986434,1.0014864317168055,0.023292974245986448,0.0005425626492241879,0.29743578683760186,0.0,0.0,0.00054422956582369,0.01863214692809683,1.0,1.0,1.0,0.023328728337045936
TreeFriendly,LinearCollider_EconML,0.2,-0.006440146172582864,0.023487959007032322,0.9935598538274171,0.023487959007032343,0.0005516842183160318,0.2998833108590684,0.0,0.0,0.0005926080168219497,0.019389138520062212,1.0,1.0,1.0,0.024343541583384077
TreeFriendly,LinearCollider_EconML,0.4,-0.030024329048102594,0.023825572763552693,0.9699756709518973,0.023825572763552714,0.000567657917511345,0.30778351396304454,0.0,0.0,0.0014685505943825693,0.032443005950813925,1.0,1.0,1.0,0.03832167264593978
TreeFriendly,LinearCollider_EconML,0.6,-0.06721080552849959,0.024629367095396655,0.9327891944715003,0.024629367095396613,0.0006066057235198055,0.319188669879047,0.0,0.0,0.0051232914975860785,0.06722510517587249,1.0,1.0,1.0,0.07157717162326323
TreeFriendly,LinearCollider_EconML,0.8,-0.11574544078003987,0.025780519477902736,0.8842545592199601,0.025780519477902723,0.0006646351845505217,0.3337855201029585,0.0,0.0,0.01406097761073169,0.11574544078003987,1.0,0.974,1.0,0.11857899312581335
TreeFriendly,LinearCollider_EconML,1.0,-0.17457315115021854,0.02708435298804251,0.8254268488497815,0.02708435298804249,0.0007335621767808863,0.35105139686853537,0.0,0.0,0.031208613717121157,0.17457315115021854,1.0,0.513,1.0,0.1766595984290725
TreeFriendly,LinearCollider_OLS,0.0,0.0019335230135066235,0.022782840410907113,1.0019335230135067,0.022782840410907102,0.0005190578171888617,0.08834103931169028,0.0,0.0,0.0005222772706154334,0.01825631984374915,1.0,0.939,0.939,0.02285338641460896
TreeFriendly,LinearCollider_OLS,0.2,-0.0077436612308341935,0.023099482360310408,0.9922563387691659,0.023099482360310435,0.000533586085314293,0.08928880756816433,0.0,0.0,0.0005930167884869012,0.019386982215362204,1.0,0.937,0.936,0.02435193603159513
TreeFriendly,LinearCollider_OLS,0.4,-0.03619433564911504,0.023816163960713656,0.963805664350885,0.023816163960713673,0.0005672096658035968,0.09200929504708283,0.0,0.0,0.0018766723892185916,0.03771599397771087,1.0,0.657,0.94,0.043320576972364896
TreeFriendly,LinearCollider_OLS,0.6,-0.08222757821792567,0.02484353195340527,0.9177724217820743,0.024843531953405284,0.0006172010799198693,0.09612411330141303,0.0,0.0,0.007377958498425033,0.08222757821792566,1.0,0.092,0.939,0.08589504350324896
TreeFriendly,LinearCollider_OLS,0.8,-0.14399816365395723,0.026071771642013197,0.8560018363460428,0.02607177164201315,0.0006797372765532811,0.10113912900951418,0.0,0.0,0.02141452867498858,0.14399816365395726,1.0,0.0,0.941,0.14633703794661343
TreeFriendly,LinearCollider_OLS,1.0,-0.21918303654685325,0.027392409402852584,0.7808169634531468,0.027392409402852605,0.0007503440928934877,0.10656131425163781,0.0,0.0,0.0487907972586998,0.21918303654685325,1.0,0.0,0.942,0.2208863899354141
TreeFriendly,Naive_DoubleML,0.0,0.0012555232553418216,0.02303436116867434,1.0012555232553417,0.02303436116867438,0.0005305817944489342,0.08769662642306864,0.0,0.0,0.0005316275512991888,0.018388759012503433,1.0,0.935,0.939,0.023057049926198035
TreeFriendly,Naive_EconML,0.0,0.001181529696750655,0.02329418463520244,1.0011815296967506,0.02329418463520246,0.0005426190378189024,0.29874364279908705,0.0,0.0,0.000543472431205386,0.018636661245480853,1.0,1.0,1.0,0.023312495173305366
TreeFriendly,Naive_OLS,0.0,0.001926909021800295,0.022762054725704743,1.0019269090218004,0.022762054725704788,0.0005181111353359796,0.08829355001760177,0.0,0.0,0.0005213060025789377,0.018234025789466736,1.0,0.939,0.94,0.022832126545263752
WGAN,BadControl_DoubleML,0.0,961.6160218368108,1349.6218042751625,7212.56702183681,1349.621804275161,1821479.014574941,5334.947660503202,0.0,0.0,2744362.909013625,1349.808792427504,0.994,0.878,0.956,1656.6118763951997
WGAN,BadControl_DoubleML,0.2,-5845.648976168413,1931.1025561182296,405.3020238315863,1931.1025561182294,3729157.0822463594,9352.738079395669,0.0,0.0,37897039.87774294,5845.648976168413,0.019,0.248,0.985,6156.05716979163
WGAN,BadControl_DoubleML,0.4,-5848.625138297252,1936.4869875540096,402.325861702748,1936.48698755401,3749981.8529660045,9388.454281886065,0.0,0.0,37952647.87943559,5848.625138297252,0.019,0.253,0.985,6160.572041575002
WGAN,BadControl_DoubleML,0.6,-5851.139607900254,1939.813550836175,399.8113920997454,1939.8135508361754,3762876.6120076515,9403.16373830916,0.0,0.0,37994948.44653479,5851.139607900254,0.019,0.256,0.985,6164.004254259952
WGAN,BadControl_DoubleML,0.8,-5850.612966457354,1939.9103453770706,400.33803354264643,1939.9103453770708,3763252.1481009866,9408.377608690358,0.0,0.0,37989160.97923179,5850.612966457354,0.019,0.255,0.985,6163.534779591318
WGAN,BadControl_DoubleML,1.0,-5852.206894801083,1940.722720611754,398.7441051989172,1940.7227206117536,3766404.678298687,9412.884544868966,0.0,0.0,38010963.81317772,5852.206894801083,0.019,0.256,0.985,6165.303221511309
WGAN,BadControl_EconML,0.0,263.6138213445469,1111.3386151053148,6514.5648213445465,1111.3386151053146,1235073.5174241986,24253.655023770334,0.00035819021104120663,0.0,1303330.6907106477,898.7088476414414,0.004,1.0,1.0,1141.635095251827
WGAN,BadControl_EconML,0.2,-3537.167216046883,2682.445774203636,2713.783783953117,2682.445774203636,7195515.3315429455,71593.01109746577,0.12912482121519164,0.0,19699871.730488256,3760.7095166349427,0.0,1.0,1.0,4438.453754460922
WGAN,BadControl_EconML,0.4,-3525.2412752455016,2686.67193770633,2725.7097247544984,2686.67193770633,7218206.100858686,71613.95541805352,0.12905339880003036,0.0,19638313.94345236,3751.552711832828,0.0,1.0,1.0,4431.51373048221
WGAN,BadControl_EconML,0.6,-3519.5464457334974,2687.423957541443,2731.404554266503,2687.423957541443,7222247.527567712,71624.59693698114,0.12880538786507487,0.0,19602232.46371544,3746.5946772840766,0.0,1.0,1.0,4427.440848132863
WGAN,BadControl_EconML,0.8,-3518.471512142486,2688.1595449640845,2732.479487857514,2688.1595449640845,7226201.739181514,71607.61618017264,0.12856132070128162,0.0,19598617.31920056,3746.153899643896,0.0,1.0,1.0,4427.032563602911
WGAN,BadControl_EconML,1.0,-3516.686532832575,2689.641830252542,2734.2644671674248,2689.641830252542,7234173.175044245,71625.52386391471,0.12860158610491437,0.0,19594023.1720752,3745.216650760425,0.0,1.0,1.0,4426.513658860119
WGAN,BadControl_OLS,0.0,918.9315236559938,673.6097279930476,7169.882523655994,673.609727993048,453750.0656468681,2735.6730478944974,0.0,0.0,1297731.4607499472,966.5980082523647,1.0,0.75,0.964,1139.180170451517
WGAN,BadControl_OLS,0.2,-4983.605600205316,699.0109411186735,1267.345399794685,699.0109411186736,488616.2958036137,2729.7693847732885,0.0,0.0,25324452.45790559,4983.605600205316,0.431,0.001,0.943,5032.340654000442
WGAN,BadControl_OLS,0.4,-4983.605303893299,699.0117091479343,1267.345696106701,699.0117091479342,488617.3695259162,2729.7704013423463,0.0,0.0,25324450.577149812,4983.605303893299,0.431,0.001,0.943,5032.340467133539
WGAN,BadControl_OLS,0.6,-4983.605181321344,699.0119594900143,1267.3458186786559,699.0119594900144,488617.7195100695,2729.770729896956,0.0,0.0,25324449.705083508,4983.605181321344,0.431,0.001,0.943,5032.340380487344
WGAN,BadControl_OLS,0.8,-4983.605115992459,699.0120876380448,1267.34588400754,699.0120876380447,488617.89866409753,2729.770888880148,0.0,0.0,25324449.232911654,4983.605115992459,0.431,0.001,0.943,5032.3403335736
WGAN,BadControl_OLS,1.0,-4983.605072991114,699.01216058949,1267.3459270088858,699.0121605894902,488618.00065198727,2729.770987978379,0.0,0.0,25324448.906194102,4983.605072991114,0.431,0.001,0.943,5032.34030111181
WGAN,LinearCollider_DoubleML,0.0,960.360547231422,1353.5809321075747,7211.311547231422,1353.5809321075749,1832181.3397652113,5335.397454613813,0.0,0.0,2752641.5391040845,1353.5454351644237,0.993,0.88,0.951,1659.1086580161302
WGAN,LinearCollider_DoubleML,0.2,-2771.468825970946,1221.1482940540939,3479.482174029054,1221.1482940540936,1491203.1560712233,4673.618766644613,0.0,0.0,9170751.406243926,2777.0305227465383,0.797,0.34,0.941,3028.324851505189
WGAN,LinearCollider_DoubleML,0.4,-2770.957425677784,1221.7151923907459,3479.993574322216,1221.7151923907459,1492588.0113183572,4673.418413558119,0.0,0.0,9169300.47822589,2776.713507964969,0.796,0.341,0.944,3028.085282521926
WGAN,LinearCollider_DoubleML,0.6,-2771.186887438652,1221.3146683508494,3479.764112561348,1221.3146683508494,1491609.5191289452,4672.876712973811,0.0,0.0,9169594.674721738,2776.964296710639,0.796,0.341,0.944,3028.1338601062102
WGAN,LinearCollider_DoubleML,0.8,-2771.2023859608307,1221.0945089387076,3479.7486140391698,1221.0945089387076,1491071.7997602634,4672.673200334792,0.0,0.0,9169143.391915502,2777.0032622185017,0.796,0.342,0.943,3028.059344186554
WGAN,LinearCollider_DoubleML,1.0,-2771.255251294795,1221.2083658705744,3479.695748705205,1221.2083658705742,1491349.8728722783,4672.4763777066,0.0,0.0,9169714.190828385,2777.0561864861093,0.796,0.342,0.943,3028.1535943258204
WGAN,LinearCollider_EconML,0.0,259.7326428198444,1115.2410132871662,6510.683642819844,1115.2410132871669,1243762.5177177868,24249.676783670664,0.0,0.0,1309979.8009462487,899.341840603329,0.004,1.0,1.0,1144.5434901943433
WGAN,LinearCollider_EconML,0.2,-3475.6718969461376,1028.8933106730733,2775.2791030538624,1028.893310673073,1058621.444747797,22886.108570816377,0.0,0.0,13137857.958524212,3475.6718969461376,0.0,1.0,1.0,3624.6183190129427
WGAN,LinearCollider_EconML,0.4,-3475.524127142949,1028.6433724493309,2775.426872857051,1028.6433724493306,1058107.1876839325,22904.32236435552,0.0,0.0,13136317.038849007,3475.524127142949,0.0,1.0,1.0,3624.405749753883
WGAN,LinearCollider_EconML,0.6,-3475.4319600082963,1027.842779860276,2775.5190399917037,1027.8427798602759,1056460.7801108996,22883.539726667408,0.0,0.0,13134031.627977898,3475.4319600082968,0.0,1.0,1.0,3624.090455269832
WGAN,LinearCollider_EconML,0.8,-3475.912138286671,1027.92895282918,2775.0388617133294,1027.92895282918,1056637.9320644946,22886.79642998549,0.0,0.0,13137546.487221047,3475.912138286671,0.0,1.0,1.0,3624.5753526752687
WGAN,LinearCollider_EconML,1.0,-3475.732769938703,1027.7657719238625,2775.2182300612976,1027.7657719238625,1056302.481938253,22878.29464758206,0.0,0.0,13135964.467482079,3475.732769938703,0.0,1.0,1.0,3624.357110920788
WGAN,LinearCollider_OLS,0.0,919.5743124629887,673.861996353899,7170.525312462988,673.8619963538988,454089.9901300619,2735.702473971428,0.0,0.0,1299252.81628171,966.8679980933109,1.0,0.749,0.964,1139.847716268147
WGAN,LinearCollider_OLS,0.2,-6252.659676901636,0.8786974722231896,-1.7086769016353915,0.8786974722232648,0.7721092476915551,3.4038855495663394,0.0,0.0,39095753.8064888,6252.659676901636,0.495,0.0,0.945,6252.659738582358
WGAN,LinearCollider_OLS,0.4,-6252.641516420898,0.4393648945678797,-1.6905164208983705,0.43936489456779476,0.1930415105785694,1.7019428303183153,0.0,0.0,39095526.125718705,6252.641516420898,0.971,0.0,0.945,6252.641531842259
WGAN,LinearCollider_OLS,0.6,-6252.634197484314,0.29291321465417286,-1.683197484314285,0.2929132146542383,0.08579815131907989,1.1346286033716175,0.0,0.0,39095434.49326267,6252.634197484314,1.0,0.0,0.945,6252.634204338414
WGAN,LinearCollider_OLS,0.8,-6252.63030074653,0.2196859833795492,-1.679300746530142,0.21968598337955833,0.048261931293443576,0.8509715412035516,0.0,0.0,39095385.72602731,6252.63030074653,1.0,0.0,0.945,6252.630304602001
WGAN,LinearCollider_OLS,1.0,-6252.627886777792,0.17574920154317586,-1.6768867777917236,0.17574920154323556,0.030887781843084834,0.6807773288326908,0.0,0.0,39095355.52136821,6252.627886777792,1.0,0.0,0.945,6252.6278892453065
WGAN,Naive_DoubleML,0.0,980.3652695337166,1338.336534863789,7231.316269533717,1338.3365348637892,1791144.6805512144,5245.592716596948,0.0,0.0,2750469.597578582,1354.6850827193443,0.995,0.872,0.949,1658.4539781310127
WGAN,Naive_EconML,0.0,245.768203604915,1121.0420215486956,6496.7192036049155,1121.0420215486954,1256735.2140779858,24269.82036780881,0.0,0.0,1315880.4887670933,899.4236297777678,0.005,1.0,1.0,1147.1183412216428
WGAN,Naive_OLS,0.0,919.3351583666166,673.9928110884457,7170.286158366617,673.9928110884457,454266.30939890526,2734.296037569394,0.0,0.0,1298989.1764984778,966.9799541384206,1.0,0.746,0.964,1139.7320634686373
